{"cameraMode":{"drawMode":0,"name":"Shaded","section":"Shading Mode"},"sceneLighting":true,"audioPlay":false,"sceneViewState":{"m_AlwaysRefresh":false,"showFog":true,"showSkybox":true,"showFlares":true,"showImageEffects":true,"showParticleSystems":true,"showVisualEffectGraphs":true,"m_FxEnabled":true},"in2DMode":false,"pivot":{"x":-2.8613176345825197,"y":1.8150243759155274,"z":-1.9535293579101563},"rotation":{"x":0.078518807888031,"y":0.33279678225517275,"z":-0.02781991846859455,"w":0.9393089413642883},"size":2.383192539215088,"orthographic":true}